protein,cell,Biological.replicates,file,Accession,Piranha_rep
AKAP1,HepG2,1,ENCFF780HTF,ENCFF739ERP,2
AKAP1,HepG2,2,ENCFF127MXD,ENCFF233BIC,1
AKAP1,K562,1,ENCFF016YOC,ENCFF443ABK,2
AKAP1,K562,2,ENCFF710RUU,ENCFF010IOJ,1
APOBEC3C,K562,1,ENCFF943EZJ,ENCFF273IBF,1
APOBEC3C,K562,2,ENCFF284TAX,ENCFF034NKK,2
CPSF6,K562,1,ENCFF751GZQ,ENCFF802BJP,2
CPSF6,K562,2,ENCFF550ZSZ,ENCFF454PKM,1
DDX55,HepG2,1,ENCFF145NQB,ENCFF163CUI,1
DDX55,HepG2,2,ENCFF714YUM,ENCFF452KYY,2
DDX55,K562,1,ENCFF162LAM,ENCFF411WKH,1
DDX55,K562,2,ENCFF553EAL,ENCFF401XTL,2
DDX6,K562,1,ENCFF515CUN,ENCFF747NRM,2
DDX6,K562,2,ENCFF242MDU,ENCFF608UGQ,1
FAM120A,HepG2,1,ENCFF704TQZ,ENCFF389LEX,2
FAM120A,HepG2,2,ENCFF889YGM,ENCFF786BCU,1
FAM120A,K562,1,ENCFF184QYU,ENCFF188HFB,2
FAM120A,K562,2,ENCFF499ZKI,ENCFF016RWW,1
FUBP3,HepG2,1,ENCFF149SFF,ENCFF103YQS,2
FUBP3,HepG2,2,ENCFF836HIK,ENCFF739YDO,1
FUS,K562,1,ENCFF210ZRQ,ENCFF443KJS,1
FUS,K562,2,ENCFF341YQM,ENCFF565ILV,2
GRSF1,HepG2,1,ENCFF059PZS,ENCFF219KHR,1
GRSF1,HepG2,2,ENCFF338LOF,ENCFF236THW,2
HNRNPK,HepG2,1,ENCFF198ISB,ENCFF754XAQ,1
HNRNPK,HepG2,2,ENCFF553XCL,ENCFF288MWL,2
HNRNPK,K562,1,ENCFF894NKS,ENCFF241AOZ,2
HNRNPK,K562,2,ENCFF405ESF,ENCFF824IDO,1
IGF2BP1,HepG2,1,ENCFF427IMN,ENCFF705SDK,1
IGF2BP1,HepG2,2,ENCFF777OWL,ENCFF145YYK,2
IGF2BP1,K562,1,ENCFF544NQL,ENCFF853FGC,1
IGF2BP1,K562,2,ENCFF449VXW,ENCFF185IDD,2
IGF2BP2,K562,1,ENCFF589JKO,ENCFF082VUD,2
IGF2BP2,K562,2,ENCFF904VAH,ENCFF988HSD,1
IGF2BP3,HepG2,1,ENCFF270FPU,ENCFF076GHL,2
IGF2BP3,HepG2,2,ENCFF015NHN,ENCFF998WZW,1
KHSRP,K562,1,ENCFF698TGL,ENCFF127WMZ,1
KHSRP,K562,2,ENCFF394THC,ENCFF374XQF,2
LARP4,HepG2,1,ENCFF202RTW,ENCFF540HIX,2
LARP4,HepG2,2,ENCFF259KVP,ENCFF519RGA,1
LARP4,K562,1,ENCFF685FNB,ENCFF259HTD,1
LARP4,K562,2,ENCFF773GGY,ENCFF986MGC,2
LSM11,HepG2,1,ENCFF252SPM,ENCFF825AVT,2
LSM11,HepG2,2,ENCFF055MTP,ENCFF581BHC,1
LSM11,K562,1,ENCFF938CFK,ENCFF733BEV,2
LSM11,K562,2,ENCFF989NBF,ENCFF760VJY,1
NOLC1,K562,1,ENCFF102JHG,ENCFF193VAQ,1
NOLC1,K562,2,ENCFF315OLY,ENCFF810IDY,2
PABPC4,K562,1,ENCFF551NSA,ENCFF787HQF,2
PABPC4,K562,2,ENCFF692YDC,ENCFF559XNJ,1
PABPN1,HepG2,1,ENCFF974AOE,ENCFF715LJJ,2
PABPN1,HepG2,2,ENCFF145LAD,ENCFF890DJI,1
PCBP1,HepG2,1,ENCFF138HUE,ENCFF502OYV,2
PCBP1,HepG2,2,ENCFF933ESS,ENCFF914VUW,1
PCBP1,K562,1,ENCFF041ETC,ENCFF766DUS,1
PCBP1,K562,2,ENCFF345TZP,ENCFF121XCN,2
PCBP2,HepG2,1,ENCFF803QKO,ENCFF454MWQ,2
PCBP2,HepG2,2,ENCFF547AHN,ENCFF514GGZ,1
PUM2,K562,1,ENCFF231WHF,ENCFF372VPV,2
PUM2,K562,2,ENCFF732EQX,ENCFF141SVY,1
SLBP,K562,1,ENCFF511HSJ,ENCFF683EWG,1
SLBP,K562,2,ENCFF218ZEI,ENCFF127WAK,2
SUB1,HepG2,1,ENCFF416HFS,ENCFF790BKB,1
SUB1,HepG2,2,ENCFF228FAK,ENCFF443VTY,2
TARDBP,K562,1,ENCFF923ZPC,ENCFF669TNM,2
TARDBP,K562,2,ENCFF524PYO,ENCFF606RXB,1
TIA1,HepG2,1,ENCFF258DPQ,ENCFF856EHA,1
TIA1,HepG2,2,ENCFF681JJG,ENCFF378HWC,2
TIA1,K562,1,ENCFF080VML,ENCFF674TKN,1
TIA1,K562,2,ENCFF581EBE,ENCFF348TPU,2
TIAL1,HepG2,1,ENCFF902OZA,ENCFF302ROS,1
TIAL1,HepG2,2,ENCFF413UKK,ENCFF467UOO,2
UPF1,HepG2,1,ENCFF811KHK,ENCFF763ZLD,1
UPF1,HepG2,2,ENCFF699EEF,ENCFF368XBY,2
UPF1,K562,1,ENCFF948AOR,ENCFF518MSP,1
UPF1,K562,2,ENCFF701TPG,ENCFF707BGL,2
ZC3H11A,HepG2,1,ENCFF904WAE,ENCFF361GRY,1
ZC3H11A,HepG2,2,ENCFF023GYY,ENCFF616NRU,2
ZC3H11A,K562,1,ENCFF709BYW,ENCFF288IBH,2
ZC3H11A,K562,2,ENCFF715RSI,ENCFF421XUC,1