"file","protein","cell","input"
"ENCFF396BVL","SLTM","K562",FALSE
"ENCFF712SXL","SLTM","K562",FALSE
"ENCFF885ZMH","PHF6","K562",FALSE
"ENCFF282OCB","PHF6","K562",FALSE
"ENCFF102JHG","NOLC1","K562",FALSE
"ENCFF315OLY","NOLC1","K562",FALSE
"ENCFF499ZKI","FAM120A","K562",FALSE
"ENCFF184QYU","FAM120A","K562",FALSE
"ENCFF032GIW","NOLC1","K562",TRUE
"ENCFF925JID","EXOSC5","K562",FALSE
"ENCFF344ZBI","EXOSC5","K562",FALSE
"ENCFF025VQL","NCBP2","HepG2",FALSE
"ENCFF138FXS","NCBP2","HepG2",FALSE
"ENCFF882PEQ","AQR","HepG2",FALSE
"ENCFF947JHV","AQR","HepG2",FALSE
"ENCFF141QHH","FKBP4","HepG2",FALSE
"ENCFF802VWZ","FKBP4","HepG2",FALSE
"ENCFF989NBF","LSM11","K562",FALSE
"ENCFF938CFK","LSM11","K562",FALSE
"ENCFF605PZM","EIF3G","K562",FALSE
"ENCFF724QGF","EIF3G","K562",FALSE
"ENCFF064QSN","FASTKD2","HepG2",FALSE
"ENCFF307ZHU","FASTKD2","HepG2",FALSE
"ENCFF057VZS","DDX3X","K562",TRUE
"ENCFF978VBW","WDR3","K562",TRUE
"ENCFF945HNC","WRN","K562",FALSE
"ENCFF526BOW","WRN","K562",FALSE
"ENCFF600AGC","SBDS","K562",TRUE
"ENCFF655QSG","DDX21","K562",FALSE
"ENCFF455REV","DDX21","K562",FALSE
"ENCFF576OQO","EIF3D","HepG2",FALSE
"ENCFF678TXO","EIF3D","HepG2",FALSE
"ENCFF974NJE","UPF1","HepG2",TRUE
"ENCFF594ZPR","XRCC6","HepG2",TRUE
"ENCFF216ENA","CPEB4","K562",FALSE
"ENCFF038VZO","CPEB4","K562",FALSE
"ENCFF825YLL","U2AF2","HepG2",TRUE
"ENCFF079MBG","SDAD1","HepG2",FALSE
"ENCFF346NQQ","SDAD1","HepG2",FALSE
"ENCFF212IIR","RBFOX2","K562",TRUE
"ENCFF878TBN","FUBP3","HepG2",TRUE
"ENCFF080VML","TIA1","K562",FALSE
"ENCFF581EBE","TIA1","K562",FALSE
"ENCFF281FSP","SBDS","K562",FALSE
"ENCFF635ASG","SBDS","K562",FALSE
"ENCFF060BMG","SRSF9","HepG2",TRUE
"ENCFF655NIG","SND1","HepG2",FALSE
"ENCFF296HGS","SND1","HepG2",FALSE
"ENCFF960NPN","DGCR8","HepG2",FALSE
"ENCFF414UFZ","DGCR8","HepG2",FALSE
"ENCFF904VAH","IGF2BP2","K562",FALSE
"ENCFF589JKO","IGF2BP2","K562",FALSE
"ENCFF810PWF","EWSR1","K562",TRUE
"ENCFF210ZRQ","FUS","K562",FALSE
"ENCFF341YQM","FUS","K562",FALSE
"ENCFF655LHZ","IGF2BP3","HepG2",TRUE
"ENCFF160LFR","ILF3","HepG2",TRUE
"ENCFF790KXQ","NSUN2","K562",FALSE
"ENCFF862LPP","NSUN2","K562",FALSE
"ENCFF949QUQ","TBRG4","HepG2",TRUE
"ENCFF060BRD","WDR43","HepG2",FALSE
"ENCFF847AOM","WDR43","HepG2",FALSE
"ENCFF811EXB","ABCF1","K562",FALSE
"ENCFF983ABI","ABCF1","K562",FALSE
"ENCFF887TNO","DDX3X","HepG2",TRUE
"ENCFF240QBZ","LARP7","HepG2",TRUE
"ENCFF947MAG","PRPF8","K562",TRUE
"ENCFF555MNK","PPIG","HepG2",FALSE
"ENCFF756NJB","PPIG","HepG2",FALSE
"ENCFF025DXI","ZC3H11A","HepG2",TRUE
"ENCFF463LHG","DDX6","HepG2",TRUE
"ENCFF278RGL","PHF6","K562",TRUE
"ENCFF536WIF","HNRNPA1","HepG2",TRUE
"ENCFF963HES","SAFB","K562",TRUE
"ENCFF156KLS","LSM11","HepG2",TRUE
"ENCFF190ITO","PCBP2","HepG2",TRUE
"ENCFF367FDD","FASTKD2","K562",TRUE
"ENCFF830RMG","RPS3","K562",FALSE
"ENCFF481DSP","RPS3","K562",FALSE
"ENCFF951GRM","SERBP1","K562",FALSE
"ENCFF943MCZ","SERBP1","K562",FALSE
"ENCFF672HFP","PRPF8","HepG2",FALSE
"ENCFF205BLM","PRPF8","HepG2",FALSE
"ENCFF982JPX","IGF2BP1","K562",TRUE
"ENCFF894HGK","BCLAF1","HepG2",TRUE
"ENCFF351QXF","SND1","K562",FALSE
"ENCFF867TFQ","SND1","K562",FALSE
"ENCFF431HUP","POLR2G","HepG2",TRUE
"ENCFF015GLL","QKI","HepG2",TRUE
"ENCFF831VQE","SDAD1","HepG2",TRUE
"ENCFF959GNA","SF3B1","K562",FALSE
"ENCFF564ARY","SF3B1","K562",FALSE
"ENCFF055MTP","LSM11","HepG2",FALSE
"ENCFF252SPM","LSM11","HepG2",FALSE
"ENCFF637GMD","NIP7","HepG2",TRUE
"ENCFF901JSX","DDX6","HepG2",FALSE
"ENCFF398FGK","DDX6","HepG2",FALSE
"ENCFF486XDM","DDX51","K562",FALSE
"ENCFF931ZGZ","DDX51","K562",FALSE
"ENCFF294TTP","SRSF7","K562",TRUE
"ENCFF417RUN","SSB","HepG2",TRUE
"ENCFF336UXX","DHX30","HepG2",TRUE
"ENCFF729XQQ","DDX52","K562",FALSE
"ENCFF529NNX","DDX52","K562",FALSE
"ENCFF571IRN","HNRNPA1","K562",FALSE
"ENCFF876SGL","HNRNPA1","K562",FALSE
"ENCFF226CUA","SDAD1","K562",TRUE
"ENCFF471ZFP","GTF2F1","K562",TRUE
"ENCFF151VWF","UCHL5","HepG2",TRUE
"ENCFF774RKG","SND1","HepG2",TRUE
"ENCFF768FYM","XRN2","K562",TRUE
"ENCFF710RUU","AKAP1","K562",FALSE
"ENCFF016YOC","AKAP1","K562",FALSE
"ENCFF252ZZN","DDX55","K562",TRUE
"ENCFF892SVF","ZC3H8","K562",FALSE
"ENCFF409GUM","ZC3H8","K562",FALSE
"ENCFF070DMZ","AGGF1","HepG2",TRUE
"ENCFF691TZE","MATR3","K562",TRUE
"ENCFF231FYT","TNRC6A","HepG2",TRUE
"ENCFF881RZM","LARP4","HepG2",TRUE
"ENCFF011DYO","PABPC4","K562",TRUE
"ENCFF405PYI","NOLC1","HepG2",FALSE
"ENCFF329FPZ","NOLC1","HepG2",FALSE
"ENCFF407HUR","DDX24","K562",TRUE
"ENCFF086HIT","RBM15","K562",FALSE
"ENCFF739LLZ","RBM15","K562",FALSE
"ENCFF648KRQ","PPIL4","K562",FALSE
"ENCFF823SYP","PPIL4","K562",FALSE
"ENCFF038LJH","DKC1","HepG2",TRUE
"ENCFF931YGS","KHDRBS1","K562",TRUE
"ENCFF096BLA","MTPAP","K562",FALSE
"ENCFF732HBQ","MTPAP","K562",FALSE
"ENCFF378IEN","DDX42","K562",TRUE
"ENCFF358STL","U2AF2","HepG2",FALSE
"ENCFF033XVX","U2AF2","HepG2",FALSE
"ENCFF372YUO","WDR3","K562",FALSE
"ENCFF416OND","WDR3","K562",FALSE
"ENCFF032OPL","IGF2BP1","HepG2",TRUE
"ENCFF143KCR","AKAP8L","K562",FALSE
"ENCFF941SIX","AKAP8L","K562",FALSE
"ENCFF593SPI","DDX6","K562",TRUE
"ENCFF532ADX","HNRNPM","K562",TRUE
"ENCFF362KWY","DDX59","HepG2",FALSE
"ENCFF538KWA","DDX59","HepG2",FALSE
"ENCFF099AXK","RPL23A","HepG2",TRUE
"ENCFF459RQT","FXR2","K562",FALSE
"ENCFF039HYM","FXR2","K562",FALSE
"ENCFF703NSH","DHX30","K562",TRUE
"ENCFF072KEM","GEMIN5","K562",FALSE
"ENCFF091VCD","GEMIN5","K562",FALSE
"ENCFF587PLY","HNRNPU","HepG2",FALSE
"ENCFF125EPG","HNRNPU","HepG2",FALSE
"ENCFF903UGC","DDX20","HepG2",TRUE
"ENCFF090UAF","UTP3","K562",TRUE
"ENCFF561NXC","XRN2","HepG2",TRUE
"ENCFF048BIQ","HNRNPC","K562",FALSE
"ENCFF935AZO","HNRNPC","K562",FALSE
"ENCFF842FFD","CPSF6","K562",TRUE
"ENCFF727JVX","GRWD1","K562",TRUE
"ENCFF503MUZ","UTP18","K562",TRUE
"ENCFF933ESS","PCBP1","HepG2",FALSE
"ENCFF138HUE","PCBP1","HepG2",FALSE
"ENCFF838MYV","NCBP2","HepG2",TRUE
"ENCFF337RLS","XRCC6","K562",FALSE
"ENCFF455DRN","XRCC6","K562",FALSE
"ENCFF157WNL","GTF2F1","HepG2",FALSE
"ENCFF400HJB","GTF2F1","HepG2",FALSE
"ENCFF640KTQ","EFTUD2","K562",TRUE
"ENCFF212EDY","DDX21","K562",TRUE
"ENCFF095KWC","SF3B4","K562",FALSE
"ENCFF173BOO","SF3B4","K562",FALSE
"ENCFF950RRY","HNRNPM","HepG2",FALSE
"ENCFF633FLY","HNRNPM","HepG2",FALSE
"ENCFF405ESF","HNRNPK","K562",FALSE
"ENCFF894NKS","HNRNPK","K562",FALSE
"ENCFF224JPZ","DDX51","K562",TRUE
"ENCFF646GUE","RPS11","K562",FALSE
"ENCFF896PKL","RPS11","K562",FALSE
"ENCFF144QQC","NKRF","HepG2",FALSE
"ENCFF391WTM","NKRF","HepG2",FALSE
"ENCFF852DRN","NOLC1","HepG2",TRUE
"ENCFF483VLR","SF3B4","HepG2",FALSE
"ENCFF040BYE","SF3B4","HepG2",FALSE
"ENCFF064UJY","AATF","K562",TRUE
"ENCFF601NWD","MATR3","HepG2",FALSE
"ENCFF619UHD","MATR3","HepG2",FALSE
"ENCFF824TUZ","PUS1","K562",FALSE
"ENCFF098UHH","PUS1","K562",FALSE
"ENCFF045LAO","RBM22","K562",FALSE
"ENCFF391IBH","RBM22","K562",FALSE
"ENCFF883DQC","DGCR8","HepG2",TRUE
"ENCFF209EIX","HNRNPL","K562",TRUE
"ENCFF252TQP","DKC1","HepG2",FALSE
"ENCFF732TFX","DKC1","HepG2",FALSE
"ENCFF484XJQ","GNL3","K562",FALSE
"ENCFF372XJQ","GNL3","K562",FALSE
"ENCFF130LEJ","METAP2","K562",FALSE
"ENCFF821QWP","METAP2","K562",FALSE
"ENCFF405WBU","KHSRP","K562",TRUE
"ENCFF735PKL","SF3B4","K562",TRUE
"ENCFF996PFW","EIF4G2","K562",FALSE
"ENCFF626NQT","EIF4G2","K562",FALSE
"ENCFF332UNI","EXOSC5","K562",TRUE
"ENCFF064COB","PUM1","K562",FALSE
"ENCFF583QFB","PUM1","K562",FALSE
"ENCFF091VTP","CSTF2","HepG2",TRUE
"ENCFF554TBF","PABPN1","HepG2",TRUE
"ENCFF745EHU","TRA2A","HepG2",FALSE
"ENCFF372BZV","TRA2A","HepG2",FALSE
"ENCFF807WFL","RBM15","HepG2",TRUE
"ENCFF610DOP","ZC3H11A","K562",TRUE
"ENCFF902OZA","TIAL1","HepG2",FALSE
"ENCFF413UKK","TIAL1","HepG2",FALSE
"ENCFF647AFT","PCBP1","K562",TRUE
"ENCFF781OKE","SUPV3L1","K562",TRUE
"ENCFF059KEP","U2AF1","HepG2",FALSE
"ENCFF755DUB","U2AF1","HepG2",FALSE
"ENCFF410PJY","SF3A3","HepG2",FALSE
"ENCFF807GZY","SF3A3","HepG2",FALSE
"ENCFF693DNX","FMR1","K562",FALSE
"ENCFF525EHR","FMR1","K562",FALSE
"ENCFF269QNL","TIA1","HepG2",TRUE
"ENCFF390FNJ","DDX59","HepG2",TRUE
"ENCFF112CRX","SAFB","HepG2",FALSE
"ENCFF535RVD","SAFB","HepG2",FALSE
"ENCFF547AHN","PCBP2","HepG2",FALSE
"ENCFF803QKO","PCBP2","HepG2",FALSE
"ENCFF214XZG","FTO","HepG2",TRUE
"ENCFF802LNA","RBM22","K562",TRUE
"ENCFF459RGB","PPIL4","K562",TRUE
"ENCFF945AUF","GEMIN5","K562",TRUE
"ENCFF912BRE","WDR43","K562",FALSE
"ENCFF580XQC","WDR43","K562",FALSE
"ENCFF952TJF","UCHL5","K562",FALSE
"ENCFF903GDN","UCHL5","K562",FALSE
"ENCFF201XIY","SLTM","HepG2",FALSE
"ENCFF021KOR","SLTM","HepG2",FALSE
"ENCFF264DBW","SSB","HepG2",FALSE
"ENCFF343FAD","SSB","HepG2",FALSE
"ENCFF019JFZ","HNRNPK","HepG2",TRUE
"ENCFF910OEJ","TIA1","K562",TRUE
"ENCFF566TDO","SSB","K562",FALSE
"ENCFF205JFL","SSB","K562",FALSE
"ENCFF127MXD","AKAP1","HepG2",FALSE
"ENCFF780HTF","AKAP1","HepG2",FALSE
"ENCFF216MCK","NIP7","HepG2",FALSE
"ENCFF169ABN","NIP7","HepG2",FALSE
"ENCFF846XXE","TRA2A","K562",FALSE
"ENCFF159MVB","TRA2A","K562",FALSE
"ENCFF961WNO","KHSRP","HepG2",FALSE
"ENCFF701PJM","KHSRP","HepG2",FALSE
"ENCFF698BKX","QKI","K562",FALSE
"ENCFF012WMS","QKI","K562",FALSE
"ENCFF155TML","PRPF4","HepG2",TRUE
"ENCFF125BMO","SMNDC1","HepG2",FALSE
"ENCFF110YDG","SMNDC1","HepG2",FALSE
"ENCFF369GNR","SUPV3L1","HepG2",TRUE
"ENCFF854OMC","APOBEC3C","K562",TRUE
"ENCFF386UIG","PTBP1","HepG2",FALSE
"ENCFF295MQP","PTBP1","HepG2",FALSE
"ENCFF399CRA","CSTF2","HepG2",FALSE
"ENCFF616EZQ","CSTF2","HepG2",FALSE
"ENCFF444SAJ","UTP18","HepG2",TRUE
"ENCFF819GBX","IGF2BP2","K562",TRUE
"ENCFF263MRM","SMNDC1","HepG2",TRUE
"ENCFF447LJU","FUS","K562",TRUE
"ENCFF539YZX","CSTF2T","HepG2",TRUE
"ENCFF333OLY","GPKOW","K562",TRUE
"ENCFF999MGM","LIN28B","K562",TRUE
"ENCFF873AEV","WDR43","K562",TRUE
"ENCFF416HFS","SUB1","HepG2",FALSE
"ENCFF228FAK","SUB1","HepG2",FALSE
"ENCFF497DMS","FXR2","K562",TRUE
"ENCFF050PTL","HNRNPM","K562",FALSE
"ENCFF379LZD","HNRNPM","K562",FALSE
"ENCFF646LJL","RBM5","HepG2",TRUE
"ENCFF696LDT","KHSRP","HepG2",TRUE
"ENCFF696TJG","SRSF1","K562",FALSE
"ENCFF664EPV","SRSF1","K562",FALSE
"ENCFF438IIB","SND1","K562",TRUE
"ENCFF698TGL","KHSRP","K562",FALSE
"ENCFF394THC","KHSRP","K562",FALSE
"ENCFF098RFI","ILF3","K562",FALSE
"ENCFF889XJU","ILF3","K562",FALSE
"ENCFF895BNM","PTBP1","HepG2",TRUE
"ENCFF794ILP","MATR3","HepG2",TRUE
"ENCFF786ZZB","PUM2","K562",TRUE
"ENCFF162SAS","MATR3","K562",FALSE
"ENCFF014KBZ","MATR3","K562",FALSE
"ENCFF791AGL","PTBP1","K562",TRUE
"ENCFF228NIC","PPIG","HepG2",TRUE
"ENCFF829ROW","SAFB","HepG2",TRUE
"ENCFF962TBZ","GTF2F1","HepG2",TRUE
"ENCFF697LPT","RBM15","K562",TRUE
"ENCFF525BGY","DDX55","HepG2",TRUE
"ENCFF948AOR","UPF1","K562",FALSE
"ENCFF701TPG","UPF1","K562",FALSE
"ENCFF169EKN","RBM22","HepG2",FALSE
"ENCFF051SNH","RBM22","HepG2",FALSE
"ENCFF863HRM","LARP7","K562",FALSE
"ENCFF476VSU","LARP7","K562",FALSE
"ENCFF355NYZ","HNRNPM","HepG2",TRUE
"ENCFF429YHX","UPF1","K562",TRUE
"ENCFF177YJA","FUS","HepG2",FALSE
"ENCFF181DXK","FUS","HepG2",FALSE
"ENCFF937IVH","SRSF7","K562",FALSE
"ENCFF149XNS","SRSF7","K562",FALSE
"ENCFF062ETM","NPM1","K562",TRUE
"ENCFF273RFL","NKRF","HepG2",TRUE
"ENCFF019BLW","HNRNPUL1","K562",TRUE
"ENCFF948OYU","U2AF1","K562",TRUE
"ENCFF511HSJ","SLBP","K562",FALSE
"ENCFF218ZEI","SLBP","K562",FALSE
"ENCFF722JMT","SAFB","K562",FALSE
"ENCFF973VXO","SAFB","K562",FALSE
"ENCFF913QVA","NCBP2","K562",FALSE
"ENCFF308LKS","NCBP2","K562",FALSE
"ENCFF690EFW","BCCIP","HepG2",FALSE
"ENCFF081LVD","BCCIP","HepG2",FALSE
"ENCFF975KYG","RPS5","K562",TRUE
"ENCFF836HIK","FUBP3","HepG2",FALSE
"ENCFF149SFF","FUBP3","HepG2",FALSE
"ENCFF701APQ","NONO","K562",TRUE
"ENCFF978BQG","UTP18","HepG2",FALSE
"ENCFF511WWE","UTP18","HepG2",FALSE
"ENCFF545KJU","RBM5","HepG2",FALSE
"ENCFF723UHT","RBM5","HepG2",FALSE
"ENCFF132YAO","UCHL5","HepG2",FALSE
"ENCFF476CPQ","UCHL5","HepG2",FALSE
"ENCFF987HHN","RPS3","K562",TRUE
"ENCFF359HHB","SF3B1","K562",TRUE
"ENCFF885KNL","HNRNPC","HepG2",TRUE
"ENCFF467FPH","SRSF1","HepG2",TRUE
"ENCFF568BOI","HLTF","K562",TRUE
"ENCFF949MMS","SFPQ","HepG2",TRUE
"ENCFF273ZJR","TBRG4","K562",FALSE
"ENCFF259AFA","TBRG4","K562",FALSE
"ENCFF699QMT","SUGP2","HepG2",FALSE
"ENCFF600AXE","SUGP2","HepG2",FALSE
"ENCFF083OHX","TBRG4","K562",TRUE
"ENCFF743ZXA","SRSF7","HepG2",FALSE
"ENCFF558CNE","SRSF7","HepG2",FALSE
"ENCFF255EGS","HNRNPL","HepG2",TRUE
"ENCFF025YVA","HNRNPU","K562",FALSE
"ENCFF197OBL","HNRNPU","K562",FALSE
"ENCFF499JDZ","EFTUD2","HepG2",FALSE
"ENCFF061QCD","EFTUD2","HepG2",FALSE
"ENCFF824LSN","ZRANB2","K562",TRUE
"ENCFF184OIG","YBX3","K562",FALSE
"ENCFF279AVU","YBX3","K562",FALSE
"ENCFF445FRC","DHX30","K562",FALSE
"ENCFF845MNN","DHX30","K562",FALSE
"ENCFF550ZSZ","CPSF6","K562",FALSE
"ENCFF751GZQ","CPSF6","K562",FALSE
"ENCFF790WEA","CPEB4","K562",TRUE
"ENCFF987VDX","PRPF8","K562",FALSE
"ENCFF558FAR","PRPF8","K562",FALSE
"ENCFF811KHK","UPF1","HepG2",FALSE
"ENCFF699EEF","UPF1","HepG2",FALSE
"ENCFF294FZI","TROVE2","K562",FALSE
"ENCFF063MVN","TROVE2","K562",FALSE
"ENCFF249CVU","AGGF1","HepG2",FALSE
"ENCFF302BJD","AGGF1","HepG2",FALSE
"ENCFF867ISO","TRA2A","HepG2",TRUE
"ENCFF091PQO","AKAP1","K562",TRUE
"ENCFF630YNF","HNRNPC","HepG2",FALSE
"ENCFF162FHQ","HNRNPC","HepG2",FALSE
"ENCFF013ZUT","AKAP8L","K562",TRUE
"ENCFF047HSP","FXR1","K562",TRUE
"ENCFF705YYZ","DHX30","HepG2",FALSE
"ENCFF809XHX","DHX30","HepG2",FALSE
"ENCFF818CAZ","PRPF8","HepG2",TRUE
"ENCFF761MIA","RPS24","K562",TRUE
"ENCFF501PCN","TAF15","K562",FALSE
"ENCFF044RGH","TAF15","K562",FALSE
"ENCFF862YVK","QKI","HepG2",FALSE
"ENCFF567ADV","QKI","HepG2",FALSE
"ENCFF474WKB","XRCC6","HepG2",FALSE
"ENCFF438ULK","XRCC6","HepG2",FALSE
"ENCFF523RZH","HNRNPUL1","K562",FALSE
"ENCFF426AQN","HNRNPUL1","K562",FALSE
"ENCFF506OAM","FTO","K562",TRUE
"ENCFF106FPU","DDX42","K562",FALSE
"ENCFF220NDA","DDX42","K562",FALSE
"ENCFF941QMM","SUPV3L1","HepG2",FALSE
"ENCFF853HTH","SUPV3L1","HepG2",FALSE
"ENCFF496FIX","SUPV3L1","K562",FALSE
"ENCFF829FDR","SUPV3L1","K562",FALSE
"ENCFF986QCU","XPO5","HepG2",TRUE
"ENCFF524PYO","TARDBP","K562",FALSE
"ENCFF923ZPC","TARDBP","K562",FALSE
"ENCFF361VLG","POLR2G","K562",TRUE
"ENCFF693MLV","ZNF800","K562",FALSE
"ENCFF420ZEI","ZNF800","K562",FALSE
"ENCFF115CKY","HLTF","K562",FALSE
"ENCFF057MVG","HLTF","K562",FALSE
"ENCFF985TJF","FXR2","HepG2",TRUE
"ENCFF091KVP","ZNF622","K562",TRUE
"ENCFF568SAI","NSUN2","K562",TRUE
"ENCFF563EHM","TIAL1","HepG2",TRUE
"ENCFF374DAW","AQR","K562",FALSE
"ENCFF436KLO","AQR","K562",FALSE
"ENCFF027WDY","HNRNPU","HepG2",TRUE
"ENCFF070RME","QKI","K562",TRUE
"ENCFF609LFM","ZNF800","K562",TRUE
"ENCFF379FKC","DGCR8","K562",TRUE
"ENCFF894PGH","TROVE2","HepG2",TRUE
"ENCFF068LVA","TRA2A","K562",TRUE
"ENCFF258DPQ","TIA1","HepG2",FALSE
"ENCFF681JJG","TIA1","HepG2",FALSE
"ENCFF653PSU","ZNF800","HepG2",TRUE
"ENCFF778POI","KHDRBS1","K562",FALSE
"ENCFF787ROO","KHDRBS1","K562",FALSE
"ENCFF160TWL","SRSF7","HepG2",TRUE
"ENCFF364ZNC","SMNDC1","K562",TRUE
"ENCFF229LHL","GRSF1","HepG2",TRUE
"ENCFF723IPF","SUB1","HepG2",TRUE
"ENCFF635FQJ","HNRNPUL1","HepG2",TRUE
"ENCFF739BZK","GPKOW","K562",FALSE
"ENCFF966HIC","GPKOW","K562",FALSE
"ENCFF293ZZT","HLTF","HepG2",FALSE
"ENCFF757PDP","HLTF","HepG2",FALSE
"ENCFF957SIF","DDX3X","HepG2",FALSE
"ENCFF402KOO","DDX3X","HepG2",FALSE
"ENCFF956SAT","EIF4G2","K562",TRUE
"ENCFF053BXG","TAF15","K562",TRUE
"ENCFF233UZH","DROSHA","K562",FALSE
"ENCFF773TEA","DROSHA","K562",FALSE
"ENCFF487PQZ","BCCIP","HepG2",TRUE
"ENCFF689OKB","XRN2","HepG2",FALSE
"ENCFF584DZW","XRN2","HepG2",FALSE
"ENCFF862IYK","XRN2","K562",FALSE
"ENCFF794JUI","XRN2","K562",FALSE
"ENCFF934JXI","ZNF622","K562",FALSE
"ENCFF259ZHT","ZNF622","K562",FALSE
"ENCFF770DEI","SMNDC1","K562",FALSE
"ENCFF253SPF","SMNDC1","K562",FALSE
"ENCFF409LAD","YBX3","K562",TRUE
"ENCFF732EQX","PUM2","K562",FALSE
"ENCFF231WHF","PUM2","K562",FALSE
"ENCFF588XPN","ZRANB2","K562",FALSE
"ENCFF348UPB","ZRANB2","K562",FALSE
"ENCFF563BNB","BUD13","K562",FALSE
"ENCFF086LQG","BUD13","K562",FALSE
"ENCFF059PZS","GRSF1","HepG2",FALSE
"ENCFF338LOF","GRSF1","HepG2",FALSE
"ENCFF399CEH","HNRNPK","K562",TRUE
"ENCFF596UYR","SLTM","HepG2",TRUE
"ENCFF585BNE","FASTKD2","HepG2",TRUE
"ENCFF848GHI","LARP4","K562",TRUE
"ENCFF453TEC","SSB","K562",TRUE
"ENCFF265GVT","ZNF800","HepG2",FALSE
"ENCFF474PGR","ZNF800","HepG2",FALSE
"ENCFF497KTD","TROVE2","K562",TRUE
"ENCFF984WTC","XRCC6","K562",TRUE
"ENCFF405ERW","EXOSC5","HepG2",FALSE
"ENCFF216VBT","EXOSC5","HepG2",FALSE
"ENCFF273HDK","AARS","K562",TRUE
"ENCFF101VSR","YBX3","HepG2",TRUE
"ENCFF118WBK","STAU2","HepG2",TRUE
"ENCFF903KIZ","FKBP4","HepG2",TRUE
"ENCFF745DZH","HLTF","HepG2",TRUE
"ENCFF062LCG","TAF15","HepG2",TRUE
"ENCFF026OKT","NOL12","HepG2",TRUE
"ENCFF715RSI","ZC3H11A","K562",FALSE
"ENCFF709BYW","ZC3H11A","K562",FALSE
"ENCFF217IZI","AQR","HepG2",TRUE
"ENCFF661LGO","ZC3H8","K562",TRUE
"ENCFF288LEG","G3BP1","HepG2",FALSE
"ENCFF395MJO","G3BP1","HepG2",FALSE
"ENCFF732NGW","WDR43","HepG2",TRUE
"ENCFF234QSA","CSTF2T","K562",TRUE
"ENCFF607WID","HNRNPL","HepG2",FALSE
"ENCFF518JBW","HNRNPL","HepG2",FALSE
"ENCFF251DMV","AGGF1","K562",FALSE
"ENCFF604NYA","AGGF1","K562",FALSE
"ENCFF612HAQ","UTP3","K562",FALSE
"ENCFF826UUS","UTP3","K562",FALSE
"ENCFF148DUH","YBX3","HepG2",FALSE
"ENCFF560ZTA","YBX3","HepG2",FALSE
"ENCFF140QVQ","FMR1","K562",TRUE
"ENCFF864GYL","GTF2F1","K562",FALSE
"ENCFF985HWL","GTF2F1","K562",FALSE
"ENCFF102FKE","BUD13","K562",TRUE
"ENCFF943EZJ","APOBEC3C","K562",FALSE
"ENCFF284TAX","APOBEC3C","K562",FALSE
"ENCFF427IMN","IGF2BP1","HepG2",FALSE
"ENCFF777OWL","IGF2BP1","HepG2",FALSE
"ENCFF905UMJ","RPS3","HepG2",TRUE
"ENCFF244QMW","LIN28B","HepG2",TRUE
"ENCFF222NYJ","METAP2","K562",TRUE
"ENCFF156WVL","UCHL5","K562",TRUE
"ENCFF166ZIY","SERBP1","K562",TRUE
"ENCFF261SEG","RBM15","HepG2",FALSE
"ENCFF562QVD","RBM15","HepG2",FALSE
"ENCFF222TZU","EIF3D","HepG2",TRUE
"ENCFF956ELY","HNRNPUL1","HepG2",FALSE
"ENCFF536XVW","HNRNPUL1","HepG2",FALSE
"ENCFF296GDR","RBFOX2","K562",FALSE
"ENCFF537RYR","RBFOX2","K562",FALSE
"ENCFF204HYV","EIF3H","HepG2",TRUE
"ENCFF184AQO","ILF3","K562",TRUE
"ENCFF759JDI","EIF3G","K562",TRUE
"ENCFF233HCD","RPS3","HepG2",FALSE
"ENCFF959SXJ","RPS3","HepG2",FALSE
"ENCFF690NVV","HNRNPA1","HepG2",FALSE
"ENCFF330OFU","HNRNPA1","HepG2",FALSE
"ENCFF651VGM","SRSF9","HepG2",FALSE
"ENCFF460TAE","SRSF9","HepG2",FALSE
"ENCFF949QUY","FXR1","K562",FALSE
"ENCFF830ZKB","FXR1","K562",FALSE
"ENCFF615UKX","RBM22","HepG2",TRUE
"ENCFF977BAJ","BUD13","HepG2",TRUE
"ENCFF797RXZ","DROSHA","HepG2",TRUE
"ENCFF702XFC","ILF3","HepG2",FALSE
"ENCFF245KXT","ILF3","HepG2",FALSE
"ENCFF993XXG","HNRNPL","K562",FALSE
"ENCFF775AIE","HNRNPL","K562",FALSE
"ENCFF515BTB","RBFOX2","HepG2",TRUE
"ENCFF269WSV","TNRC6A","K562",TRUE
"ENCFF259KVP","LARP4","HepG2",FALSE
"ENCFF202RTW","LARP4","HepG2",FALSE
"ENCFF948CVQ","FAM120A","K562",TRUE
"ENCFF114ELO","YWHAG","K562",TRUE
"ENCFF416LFA","CDC40","HepG2",FALSE
"ENCFF770GEL","CDC40","HepG2",FALSE
"ENCFF396TYB","NIPBL","K562",TRUE
"ENCFF473EVT","AATF","K562",FALSE
"ENCFF645UGJ","AATF","K562",FALSE
"ENCFF722JFH","NOL12","HepG2",FALSE
"ENCFF134IIH","NOL12","HepG2",FALSE
"ENCFF048VBN","SLTM","K562",TRUE
"ENCFF145LAD","PABPN1","HepG2",FALSE
"ENCFF974AOE","PABPN1","HepG2",FALSE
"ENCFF385AIL","POLR2G","HepG2",FALSE
"ENCFF460SKC","POLR2G","HepG2",FALSE
"ENCFF933JFZ","NFX1","K562",TRUE
"ENCFF759UTZ","PCBP1","HepG2",TRUE
"ENCFF692AEZ","AARS","K562",FALSE
"ENCFF502RSZ","AARS","K562",FALSE
"ENCFF127GEV","CDC40","HepG2",TRUE
"ENCFF685EEV","RPS5","HepG2",TRUE
"ENCFF826DXS","DROSHA","K562",TRUE
"ENCFF198ISB","HNRNPK","HepG2",FALSE
"ENCFF553XCL","HNRNPK","HepG2",FALSE
"ENCFF188FGR","HNRNPU","K562",TRUE
"ENCFF536HGU","BUD13","HepG2",FALSE
"ENCFF644DWW","BUD13","HepG2",FALSE
"ENCFF608WNY","EXOSC5","HepG2",TRUE
"ENCFF222HEX","PUM1","K562",TRUE
"ENCFF401NJF","DROSHA","HepG2",FALSE
"ENCFF413DZP","DROSHA","HepG2",FALSE
"ENCFF950JUB","GRWD1","HepG2",TRUE
"ENCFF186RBL","FAM120A","HepG2",TRUE
"ENCFF513VDW","CSTF2T","K562",FALSE
"ENCFF859CZM","CSTF2T","K562",FALSE
"ENCFF420FTB","TAF15","HepG2",FALSE
"ENCFF701ZSE","TAF15","HepG2",FALSE
"ENCFF187FER","EFTUD2","K562",FALSE
"ENCFF703QKL","EFTUD2","K562",FALSE
"ENCFF145NQB","DDX55","HepG2",FALSE
"ENCFF714YUM","DDX55","HepG2",FALSE
"ENCFF499MQV","ABCF1","K562",TRUE
"ENCFF037LUF","SF3A3","HepG2",TRUE
"ENCFF284RSI","LIN28B","HepG2",FALSE
"ENCFF756VXR","LIN28B","HepG2",FALSE
"ENCFF351ATM","NONO","K562",FALSE
"ENCFF888NYK","NONO","K562",FALSE
"ENCFF314SWS","U2AF1","K562",FALSE
"ENCFF132PVT","U2AF1","K562",FALSE
"ENCFF487BLB","LARP7","K562",TRUE
"ENCFF953PIV","DDX52","K562",TRUE
"ENCFF954XWJ","NPM1","K562",FALSE
"ENCFF945CYO","NPM1","K562",FALSE
"ENCFF052ORJ","YWHAG","K562",FALSE
"ENCFF186FHG","YWHAG","K562",FALSE
"ENCFF292NQE","PUS1","K562",TRUE
"ENCFF227TON","U2AF2","K562",TRUE
"ENCFF673LOJ","BCLAF1","HepG2",FALSE
"ENCFF510PFS","BCLAF1","HepG2",FALSE
"ENCFF723JLV","EFTUD2","HepG2",TRUE
"ENCFF536KJC","RPS11","K562",TRUE
"ENCFF072CLZ","SF3B4","HepG2",TRUE
"ENCFF769KHB","FASTKD2","K562",FALSE
"ENCFF278SLD","FASTKD2","K562",FALSE
"ENCFF842YPC","EWSR1","K562",FALSE
"ENCFF975NJX","EWSR1","K562",FALSE
"ENCFF685FNB","LARP4","K562",FALSE
"ENCFF773GGY","LARP4","K562",FALSE
"ENCFF400EPM","NIPBL","K562",FALSE
"ENCFF532OLG","NIPBL","K562",FALSE
"ENCFF242MDU","DDX6","K562",FALSE
"ENCFF515CUN","DDX6","K562",FALSE
"ENCFF591FGE","GRWD1","HepG2",FALSE
"ENCFF869UTD","GRWD1","HepG2",FALSE
"ENCFF835KXL","U2AF2","K562",FALSE
"ENCFF936JSP","U2AF2","K562",FALSE
"ENCFF734JUL","SUGP2","HepG2",TRUE
"ENCFF494XRE","HNRNPA1","K562",TRUE
"ENCFF162VKU","AKAP1","HepG2",TRUE
"ENCFF040XCG","FTO","HepG2",FALSE
"ENCFF385LTB","FTO","HepG2",FALSE
"ENCFF113QBT","SDAD1","K562",FALSE
"ENCFF946AMH","SDAD1","K562",FALSE
"ENCFF700YZD","G3BP1","HepG2",TRUE
"ENCFF904WAE","ZC3H11A","HepG2",FALSE
"ENCFF023GYY","ZC3H11A","HepG2",FALSE
"ENCFF132SLV","AGGF1","K562",TRUE
"ENCFF189PHS","TBRG4","HepG2",FALSE
"ENCFF061HNX","TBRG4","HepG2",FALSE
"ENCFF810ZZO","EIF3H","HepG2",FALSE
"ENCFF815GWX","EIF3H","HepG2",FALSE
"ENCFF208OVE","CSTF2T","HepG2",FALSE
"ENCFF562AZL","CSTF2T","HepG2",FALSE
"ENCFF792PAX","NCBP2","K562",TRUE
"ENCFF764UJQ","XPO5","HepG2",FALSE
"ENCFF207XKP","XPO5","HepG2",FALSE
"ENCFF041ETC","PCBP1","K562",FALSE
"ENCFF345TZP","PCBP1","K562",FALSE
"ENCFF162LAM","DDX55","K562",FALSE
"ENCFF553EAL","DDX55","K562",FALSE
"ENCFF394DDJ","TARDBP","K562",TRUE
"ENCFF563VJQ","SRSF1","K562",TRUE
"ENCFF068FML","WRN","K562",TRUE
"ENCFF880NLA","MTPAP","K562",TRUE
"ENCFF969SMQ","DDX3X","K562",FALSE
"ENCFF343OME","DDX3X","K562",FALSE
"ENCFF076WAG","U2AF1","HepG2",TRUE
"ENCFF734RGL","SAFB2","K562",FALSE
"ENCFF402QLV","SAFB2","K562",FALSE
"ENCFF023RGT","DGCR8","K562",FALSE
"ENCFF843HDQ","DGCR8","K562",FALSE
"ENCFF879UID","SLBP","K562",TRUE
"ENCFF899ROO","AQR","K562",TRUE
"ENCFF037JOL","LSM11","K562",TRUE
"ENCFF692YDC","PABPC4","K562",FALSE
"ENCFF551NSA","PABPC4","K562",FALSE
"ENCFF824ZDF","HNRNPC","K562",TRUE
"ENCFF345DPL","LARP7","HepG2",FALSE
"ENCFF086NCN","LARP7","HepG2",FALSE
"ENCFF046FNK","UTP18","K562",FALSE
"ENCFF211AAW","UTP18","K562",FALSE
"ENCFF857OFG","SFPQ","HepG2",FALSE
"ENCFF056KWN","SFPQ","HepG2",FALSE
"ENCFF618EON","DDX52","HepG2",FALSE
"ENCFF340WIB","DDX52","HepG2",FALSE
"ENCFF492GWE","LIN28B","K562",FALSE
"ENCFF068KXE","LIN28B","K562",FALSE
"ENCFF157JBC","FXR2","HepG2",FALSE
"ENCFF500VOG","FXR2","HepG2",FALSE
"ENCFF544NQL","IGF2BP1","K562",FALSE
"ENCFF449VXW","IGF2BP1","K562",FALSE
"ENCFF651VHA","GNL3","K562",TRUE
"ENCFF080HMO","PRPF4","HepG2",FALSE
"ENCFF404WOP","PRPF4","HepG2",FALSE
"ENCFF842FRH","SAFB2","K562",TRUE
"ENCFF559ATC","STAU2","HepG2",FALSE
"ENCFF202ITE","STAU2","HepG2",FALSE
"ENCFF659RKW","PTBP1","K562",FALSE
"ENCFF765BPN","PTBP1","K562",FALSE
"ENCFF117HXE","FUS","HepG2",TRUE
"ENCFF239CML","RBFOX2","HepG2",FALSE
"ENCFF170YQV","RBFOX2","HepG2",FALSE
"ENCFF889YGM","FAM120A","HepG2",FALSE
"ENCFF704TQZ","FAM120A","HepG2",FALSE
"ENCFF462TDG","FTO","K562",FALSE
"ENCFF666GWV","FTO","K562",FALSE
"ENCFF418ZXO","SRSF1","HepG2",FALSE
"ENCFF867TIG","SRSF1","HepG2",FALSE
"ENCFF662MYI","DDX52","HepG2",TRUE
"ENCFF580PEL","TROVE2","HepG2",FALSE
"ENCFF527CKN","TROVE2","HepG2",FALSE
"ENCFF015NHN","IGF2BP3","HepG2",FALSE
"ENCFF270FPU","IGF2BP3","HepG2",FALSE
"ENCFF768FYI","DDX24","K562",FALSE
"ENCFF023VLF","DDX24","K562",FALSE
"ENCFF217MRO","GRWD1","K562",FALSE
"ENCFF330PVJ","GRWD1","K562",FALSE
